image,recog_pre_disambiguation,recog_gray,recog_post_disambiguation
aardvark,0.176470588,0.882352941,0.941176471
abacus,0.772727273,0.954545455,1
accordion,0.736842105,0.894736842,1
acorn,0.25,0.916666667,0.875
air_conditioner,0.6875,0.875,0.875
air_mattress,0.25,1,0.541666667
air_pump,0.470588235,0.941176471,0.882352941
airbag,0.1875,0.9375,0.8125
airboat,0.533333333,1,1
aircraft_carrier,0.4375,0.875,0.875
airplane,0.473684211,1,0.842105263
album,0.608695652,1,1
alligator,0.681818182,1,0.954545455
almond,0.5,0.916666667,1
aloe,0.136363636,1,0.954545455
alpaca,0.842105263,0.947368421,1
altar,0.35,0.9,0.65
aluminum_foil,0.19047619,1,0.666666667
amber,0.222222222,0.5,0.555555556
ambulance,0.916666667,1,1
amplifier,0.263157895,0.947368421,0.842105263
anchor,0.75,0.8125,0.9375
ankle,0.176470588,0.882352941,0.882352941
anklet,0.2,0.933333333,0.8
ant,0.076923077,0.923076923,0.846153846
anteater,0.333333333,0.833333333,0.944444444
antelope,0.714285714,0.928571429,0.928571429
antenna,0.75,1,0.9375
anvil,0.19047619,0.523809524,0.476190476
appetizer,0.166666667,0.944444444,0.888888889
apple,0.111111111,1,0.611111111
apple_tree,0.5,0.928571429,1
applesauce,0.153846154,0.538461538,0.461538462
apron,0.952380952,1,1
aquarium,0.333333333,0.944444444,0.944444444
arch,0.578947368,0.736842105,0.842105263
arm,0.733333333,1,1
armor,0.944444444,0.944444444,1
arrow,0.473684211,1,0.947368421
artichoke,0.269230769,0.884615385,0.961538462
arugula,0.416666667,0.958333333,0.958333333
ashtray,0.8125,0.9375,0.9375
asparagus,0.368421053,1,0.947368421
avocado,0.619047619,1,0.904761905
awning,0.181818182,0.772727273,0.681818182
axe,0.066666667,0.933333333,0.733333333
baby,1,1,1
backdrop,0.066666667,0.666666667,0.6
backgammon,0.705882353,1,1
backpack,0.105263158,1,0.789473684
backscratcher,0.526315789,0.631578947,0.894736842
bacon,0.052631579,0.789473684,0.894736842
badge,0.727272727,0.909090909,1
badger,0.7,1,0.95
bag,0.151515152,0.939393939,0.545454545
bagel,0.647058824,1,0.941176471
bagpipe,0.733333333,1,1
baklava,0.071428571,0.642857143,0.571428571
balance_beam,0.666666667,0.666666667,0.833333333
ball,0.578947368,0.947368421,0.894736842
balloon,0.466666667,0.933333333,0.933333333
ballot_box,0.636363636,0.590909091,0.818181818
bamboo,0.4,1,1
banana,0.894736842,1,1
banana_peel,0.05,0.9,1
banana_split,0.066666667,1,0.733333333
bandage,0.2,0.933333333,0.933333333
bandanna,0.4,0.7,0.8
banjo,0.482758621,0.931034483,0.965517241
bank,0.741935484,0.967741935,0.967741935
banner,0.285714286,0.857142857,0.785714286
barbed_wire,0.6875,1,1
barbell,0.666666667,1,1
barcode,0.388888889,1,1
bark,0.166666667,0.888888889,0.888888889
barnacle,0.4375,0.4375,0.875
barrel,0.5,1,0.944444444
barrette,0.176470588,0.941176471,0.705882353
baseball,0.909090909,1,1
baseball_bat,0.222222222,0.833333333,1
baseball_glove,0.6875,0.9375,1
basil,0.3,0.95,0.85
basket,0.357142857,1,0.857142857
basketball,0.75,1,0.9375
basketball_hoop,1,1,1
bassinet,0.692307692,0.923076923,1
bassoon,0.2,0.8,0.85
bat1,0.565217391,1,0.869565217
bat2,0.214285714,0.928571429,0.785714286
bathmat,0.722222222,0.944444444,1
bathrobe,0.066666667,0.933333333,0.266666667
bathtub,1,1,0.923076923
baton1,0.333333333,0.733333333,0.8
baton2,0.3,0.85,0.75
baton3,0.055555556,0.277777778,0.722222222
baton4,0.272727273,1,0.727272727
batter,0.294117647,0.941176471,0.882352941
battery,0.380952381,1,0.952380952
bazooka,0.705882353,0.941176471,0.941176471
beachball,0.764705882,1,0.941176471
bead,0.4375,0.625,0.75
beaker,0.647058824,1,1
bean,0.263157895,0.842105263,0.789473684
beanbag,0.125,0.9375,0.8125
beanie,0.458333333,0.916666667,0.958333333
bear,0.727272727,1,0.863636364
beard,0.157894737,1,0.315789474
beaver,0.538461538,0.846153846,1
bed,0.466666667,1,0.866666667
bedpan,0.142857143,0.714285714,0.761904762
bedpost,0.647058824,1,0.941176471
bee,0.052631579,1,0.631578947
beehive,0.111111111,1,0.944444444
beer,0.466666667,1,0.866666667
beet,0.133333333,0.8,0.533333333
beetle,0.1875,1,1
bell,0.904761905,0.952380952,0.952380952
bell_pepper,0.052631579,0.947368421,0.789473684
belt,0.772727273,1,1
belt_buckle,0.611111111,0.666666667,0.833333333
bench,0.705882353,0.882352941,0.823529412
berry,0.608695652,1,0.956521739
bib,0.5625,0.9375,1
bike,1,1,1
bikini,0.733333333,1,0.933333333
bin,0.142857143,0.904761905,0.428571429
binder,0.631578947,1,1
binoculars,0.333333333,1,0.866666667
bird,0.631578947,1,0.947368421
birdbath,0.466666667,0.866666667,0.666666667
birdcage,0.565217391,1,1
birdhouse,0.285714286,0.928571429,0.785714286
birthday_cake,0.823529412,0.941176471,1
biscuit,0.083333333,0.666666667,0.666666667
bison,0.733333333,0.866666667,1
blackberry,0.5625,1,1
blanket,0,1,0.176470588
blazer,0.833333333,1,0.888888889
blender,0.434782609,1,0.826086957
blimp,0.578947368,0.947368421,0.894736842
blind,0.851851852,1,0.962962963
blinder,0.235294118,0.705882353,0.705882353
blindfold,0.176470588,1,0.176470588
block,0.090909091,0.954545455,0.909090909
blouse,0.857142857,1,1
blower,0.208333333,0.666666667,0.708333333
blowfish,0.611111111,0.777777778,0.722222222
blowgun,0.333333333,0.533333333,0.666666667
blowtorch,0.153846154,0.923076923,0.538461538
blueberry,0.466666667,0.933333333,0.866666667
boa,0.4,0.8,0.8
boar,0.842105263,0.684210526,0.842105263
board,0.647058824,0.941176471,1
board_game,0.772727273,0.818181818,0.954545455
boat,0.8,1,0.95
bobsled,0.3125,0.875,0.9375
bok_choy,0.25,0.9375,0.875
bolo_tie,0.25,0.666666667,0.75
bologna,0.1,0.8,0.25
bolt,0.444444444,1,0.888888889
bomb,0.076923077,0.692307692,0.923076923
bone,0.380952381,0.904761905,0.952380952
bongo,0.777777778,1,1
bonnet,0.12,0.8,0.72
bonsai,0.789473684,0.947368421,0.947368421
book,0.923076923,1,1
bookmark,0,0.722222222,0.777777778
bookshelf,0.416666667,1,1
boomerang,0.352941176,1,0.882352941
boot,0.733333333,0.933333333,0.933333333
bottle,0.333333333,0.952380952,0.80952381
bottle_opener,0.8,1,1
boulder,0.117647059,0.882352941,0.588235294
bouquet,0.083333333,0.916666667,0.916666667
bow1,0.8,0.95,1
bow2,0.411764706,0.823529412,0.705882353
bow3,0.19047619,1,1
bowl,0.944444444,1,1
bowler_hat,0.6875,0.875,1
bowling_ball,0.458333333,0.958333333,0.833333333
bowtie,0.642857143,1,1
box,0.142857143,1,0.785714286
boxer_shorts,0.1875,1,0.6875
boxing_gloves,0.117647059,0.941176471,0.764705882
boy,0.944444444,1,0.888888889
bra,0.2,0.866666667,1
brace,0.25,0.875,0.875
bracelet1,0.5,1,0.9375
bracelet2,0,1,0.444444444
bracket,0.105263158,0.789473684,0.842105263
braid,0.44,1,0.84
brake,0.47826087,0.391304348,0.565217391
branch,1,1,1
brass_knuckles,0.466666667,0.866666667,0.933333333
bread,0.444444444,1,0.944444444
breadbox,0.45,0.95,1
breadstick,0.047619048,0.428571429,0.80952381
breakfast,0.238095238,0.952380952,0.904761905
breathalyzer,0.19047619,0.523809524,0.476190476
brick,0.083333333,1,0.583333333
briefcase,0.045454545,1,0.545454545
broccoli,0.166666667,1,0.916666667
brooch,0.125,0.9375,0.9375
broom,0.611111111,0.944444444,0.888888889
brownie,0.214285714,0.928571429,0.928571429
brush,1,0.941176471,0.882352941
brussels_sprouts,0.1875,1,0.875
bubble,0.428571429,0.952380952,0.904761905
bubble_wrap,0.466666667,0.866666667,0.866666667
bucket,0.411764706,1,0.882352941
buckle,0.285714286,1,0.928571429
buffet,0.4,0.8,0.8
bug,0.1875,0.9375,0.5625
buggy,0.8,0.95,0.95
bull,0.882352941,1,0.941176471
bulldozer,0.8125,1,0.9375
bullet,0.181818182,0.909090909,0.727272727
bulletin_board,0.842105263,1,0.947368421
bulletproof_vest,0.19047619,0.952380952,0.904761905
bumper,0.357142857,0.892857143,0.821428571
bun,0,1,0.318181818
bungee,0.705882353,0.823529412,1
bunkbed,0.692307692,0.923076923,0.923076923
buoy,0.25,0.916666667,1
burner,0.333333333,0.866666667,0.866666667
burrito,0.066666667,0.933333333,0.533333333
bus,0.947368421,1,1
bush,0.416666667,1,0.916666667
butter,0.130434783,0.913043478,0.565217391
butterfly,0.8,0.933333333,1
button1,0.863636364,1,1
button2,0.24,1,0.36
cabbage,0.238095238,0.952380952,0.904761905
cabinet,0.368421053,0.894736842,0.789473684
cable,0.375,0.875,0.875
cactus,0.666666667,0.944444444,0.944444444
cage,0.625,0.833333333,0.916666667
cake,0.066666667,1,0.8
cake_mix,0.176470588,0.529411765,0.588235294
calamari,0.294117647,0.882352941,0.647058824
calculator,1,0.923076923,0.923076923
calf1,0.727272727,0.909090909,1
calf2,0,0.9375,0.1875
calzone,0.083333333,0.666666667,0.625
camcorder,0.473684211,1,0.947368421
camel,1,1,1
camera_lens,0.5,0.944444444,0.777777778
camera1,0.5,1,0.75
camera2,0.375,1,0.625
camper,0.956521739,1,1
can,0.541666667,0.916666667,0.875
can_opener,0.615384615,1,0.923076923
candelabra,0.217391304,1,0.826086957
candle,0.5,1,0.857142857
candlestick,0.125,0.875,0.75
candy,0.666666667,0.933333333,0.933333333
candy_bar,0.761904762,0.952380952,0.904761905
candy_cane,0.333333333,0.952380952,0.904761905
cane,0.705882353,1,0.941176471
canister,0.611111111,0.888888889,1
cannon,0.833333333,1,1
cannonball,0.363636364,0.545454545,0.454545455
canoe,0.733333333,0.933333333,1
cantaloupe,0.545454545,0.909090909,0.909090909
canvas,0.176470588,0.823529412,0.823529412
cap,0.157894737,0.947368421,0.684210526
cape,0.473684211,0.842105263,0.684210526
car,1,1,1
car_door,0.368421053,0.947368421,0.842105263
car_seat,0.857142857,0.928571429,1
caramel,0.277777778,0.444444444,0.666666667
card,0.6,1,0.9
cardboard,0.235294118,0.705882353,0.705882353
cardigan,0.826086957,1,1
cardinal,0.434782609,1,0.913043478
carousel,0.684210526,0.947368421,0.947368421
carriage,0.25,1,0.9
carrot,0.3125,1,0.875
cart,0.8125,1,1
cash_machine,0.9,0.95,1
cash_register,0.590909091,0.909090909,0.909090909
cashew,0.346153846,0.923076923,0.923076923
casserole,0.235294118,0.705882353,0.882352941
cassette,0.923076923,1,0.923076923
cat,0.888888889,0.944444444,1
catapult,0.5,0.6875,0.75
caterpillar,0.363636364,1,0.909090909
catfish,0.444444444,1,1
cauliflower,0.083333333,1,0.791666667
caviar,0.15,0.9,0.6
cd_player,0.176470588,0.705882353,0.764705882
celery,0.545454545,0.909090909,0.909090909
cello,0.727272727,1,1
cellphone,1,0.954545455,0.954545455
cement_mixer,0.6,0.4,0.666666667
centerpiece,0.4,0.5,0.9
centrifuge,0.6,0.55,0.85
cereal,0.6,0.9,0.95
chain,0.8125,0.9375,0.9375
chainsaw,0.666666667,1,0.952380952
chair,0.882352941,1,1
chalice,0.545454545,0.954545455,0.863636364
chalk,0.166666667,0.666666667,0.833333333
chalkboard,0.6,0.95,1
champagne,0.904761905,0.904761905,1
chandelier,0.95,1,0.95
chaps,0.142857143,0.761904762,0.80952381
charcoal,0.214285714,0.571428571,0.785714286
charger,0.192307692,1,0.884615385
chariot,0.588235294,0.882352941,0.941176471
checkbook,0.684210526,1,0.894736842
checkers,0.352941176,0.941176471,0.882352941
cheese,0.263157895,1,0.789473684
cheeseburger,0.166666667,0.833333333,0.666666667
cheesecake,0.25,1,0.5
cheetah,0.333333333,1,0.888888889
cherry,0.944444444,1,1
chess_piece,0.730769231,0.961538462,0.961538462
chessboard,0.777777778,1,1
chest1,0.333333333,0.904761905,0.761904762
chest2,0.19047619,0.904761905,0.523809524
chick,0.277777778,1,0.666666667
chicken_wire,0.583333333,0.833333333,0.916666667
chicken1,0.25,0.9375,0.4375
chicken2,0.722222222,1,0.944444444
chickpea,0.272727273,0.727272727,0.909090909
chihuahua,0.888888889,0.888888889,0.777777778
chili,0.37037037,0.925925926,1
chime,0.285714286,0.904761905,0.857142857
chimney,0.909090909,1,1
chin,0.066666667,1,0.333333333
chinaware,0.444444444,0.888888889,1
chinchilla,0.2,0.95,0.8
chip,0.214285714,0.357142857,0.714285714
chipmunk,0.8,0.96,0.96
chips,0.315789474,0.947368421,0.842105263
chisel,0.294117647,0.588235294,0.764705882
chive,0.304347826,0.782608696,0.826086957
chocolate,0.277777778,0.944444444,0.5
chopsticks,0.428571429,0.80952381,0.952380952
christmas_card,0.48,0.92,0.88
christmas_tree,0.909090909,1,0.954545455
chute,0.428571429,0.523809524,0.857142857
cigar,0.277777778,0.888888889,1
cigarette,0.769230769,1,1
cigarette_butt,0.3125,0.875,0.875
cigarette_holder,0.111111111,0.333333333,0.722222222
cilantro,0.526315789,0.842105263,0.894736842
cinnamon,0.315789474,0.789473684,0.842105263
clam,0.222222222,0.833333333,0.944444444
clarinet,0.8,0.96,1
clasp,0.222222222,0.888888889,0.925925926
clay,0.333333333,0.8,0.866666667
cleat,0.133333333,0.933333333,0.733333333
cleaver,0.266666667,0.933333333,0.933333333
clipboard,0.9375,1,1
clipper1,0.52173913,0.956521739,1
clipper2,0.2,1,1
cloak,0.538461538,1,0.769230769
clock,0.909090909,0.909090909,1
closet,0.5,1,0.8
clothes,0.7,1,1
clothesline,0.421052632,1,0.894736842
clothespin,0.578947368,1,0.789473684
cloud,0.058823529,1,0.764705882
clove,0.2,0.533333333,0.6
clover,0.363636364,0.909090909,0.727272727
coal,0.15,0.6,0.7
coaster,0.3,0.65,0.85
coat,0.869565217,1,0.956521739
coat_rack,0.85,1,0.95
cobra,0.466666667,1,0.933333333
cockatoo,0.9,0.9,1
cockroach,0.764705882,1,0.941176471
cocktail,0.6,1,1
coconut,0.142857143,1,0.642857143
cocoon,0.235294118,0.823529412,0.647058824
coffee,0.45,1,1
coffee_bean,0.294117647,0.941176471,0.882352941
coffee_filter,0.117647059,0.647058824,0.823529412
coffee_pot,0.3125,1,0.75
coffee_table,0.294117647,0.882352941,0.882352941
coffeemaker,0.6875,0.9375,1
coffin,0.266666667,1,0.966666667
coil,0.277777778,0.944444444,0.888888889
coin,0.590909091,1,1
coleslaw,0.391304348,0.739130435,0.869565217
collar,0.571428571,0.928571429,0.928571429
column,0.307692308,0.846153846,0.846153846
comb,0.9375,1,1
combination_lock,0.833333333,1,1
comic_book,0.2,1,0.8
compass,0.7,1,0.9
compost,0.5,1,1
computer,1,0.925925926,1
computer_screen,0.315789474,1,0.789473684
confetti,0.157894737,0.736842105,0.526315789
contact_lens,0.235294118,1,0.941176471
container,0.5625,1,1
cooker,0.666666667,1,1
cookie,0.277777778,1,0.944444444
cookie_cutter,0.142857143,0.857142857,0.714285714
cookie_sheet,0.285714286,1,1
cooler,0.833333333,1,1
coop,0.037037037,0.925925926,0.592592593
copier,0.6875,0.9375,0.875
coral,0.466666667,0.8,0.866666667
cord,0.19047619,0.619047619,0.904761905
cordon_bleu,0.090909091,0.818181818,0.5
cork,0.166666667,0.944444444,0.777777778
corkboard,0.277777778,0.944444444,0.5
corkscrew,0.259259259,1,0.851851852
corn,0.882352941,1,1
cornbread,0.4,0.866666667,0.933333333
cornhusk,0.6875,0.9375,0.875
cornmeal,0.1,0.95,0.75
cornucopia,0.25,0.85,0.55
corsage,0.111111111,0.777777778,0.777777778
corset,0.2,0.95,0.65
costume,0.454545455,1,0.909090909
cot,0.818181818,1,1
cotton_candy,0.071428571,0.857142857,0.5
couch,0.785714286,1,1
cougar,0.619047619,0.952380952,0.904761905
counter,0.173913043,0.913043478,0.565217391
coverall,0.333333333,0.666666667,0.533333333
cow,0.818181818,1,1
coyote,0.8,1,0.933333333
crab,0.529411765,0.764705882,0.882352941
cracker,0.411764706,1,1
cranberry,0.15,0.9,0.85
crane,0.714285714,0.952380952,0.904761905
crank,0.315789474,0.263157895,0.473684211
crate,0.833333333,0.75,1
crayfish,0.333333333,0.933333333,0.933333333
crayon,0.625,1,0.9375
cream,0.266666667,0.666666667,0.8
cream_cheese,0.380952381,0.714285714,0.857142857
credit_card,0.111111111,0.944444444,0.611111111
creme_brulee,0.352941176,0.882352941,0.705882353
crepe,0.333333333,1,0.75
crib,0.727272727,1,0.909090909
croissant,0.166666667,0.916666667,0.916666667
cross,0.8,1,1
crossbow,0.454545455,0.863636364,0.909090909
crouton,0.47826087,0.956521739,1
crow,0.944444444,0.944444444,1
crowbar,0.05,0.7,0.3
crown,0.928571429,1,1
crucifix,0.823529412,1,0.882352941
cruise_ship,0.363636364,1,0.954545455
crumb,0.117647059,0.294117647,0.529411765
crutch,0.1875,0.875,0.875
crystal_ball,0.357142857,0.642857143,0.857142857
crystal1,0.111111111,0.888888889,0.666666667
crystal2,0.222222222,0.722222222,0.611111111
cuckoo_clock,0.3,0.95,0.85
cucumber,0.117647059,1,0.941176471
cufflink,0.230769231,0.846153846,0.615384615
cummerbund,0.15,0.7,0.55
cup,0.375,1,0.791666667
cupcake,0.631578947,1,0.894736842
curb,0.625,0.9375,0.8125
curling_iron,0.285714286,1,0.642857143
curry,0.214285714,0.642857143,0.928571429
curtain,0.25,1,1
cushion,0.133333333,0.866666667,0.8
cutting_board,0.722222222,0.833333333,0.5
cymbal,0.222222222,0.944444444,0.222222222
dagger,0.636363636,1,0.954545455
daisy,0.777777778,0.944444444,1
dalmatian,0.333333333,1,0.666666667
dandelion,0.666666667,1,1
dart,0.727272727,0.954545455,0.909090909
dartboard,0.9375,1,1
dashboard,0.8,1,0.933333333
deer,0.444444444,1,1
defibrillator,0.222222222,0.666666667,0.833333333
denture,0,0.857142857,0.785714286
deodorant,0.4,0.933333333,0.8
desk,0.705882353,1,1
dessert,0.882352941,0.882352941,0.882352941
detonator,0.315789474,0.263157895,0.947368421
dial,0.333333333,1,0.904761905
diamond,0.761904762,0.904761905,1
diaper,0.5,0.944444444,0.944444444
dice,0.833333333,1,0.958333333
dip,0.315789474,0.631578947,0.842105263
dirt_bike,0.62962963,1,1
dish,0.222222222,1,0.611111111
dishrag,0.238095238,0.904761905,0.857142857
dishwasher,0.666666667,0.952380952,1
dishwashing_liquid,0.133333333,0.933333333,0.533333333
diskette,0.454545455,0.909090909,0.863636364
diving_board,0.45,1,0.85
dog,0.476190476,0.952380952,0.857142857
dogfood,0.384615385,1,0.846153846
doghouse,0.913043478,0.956521739,0.956521739
doily,0.4,0.666666667,0.8
doll,0.5,1,0.9
dollhouse,0.95,0.95,1
dolly,0.5,0.714285714,0.928571429
dolphin,0.666666667,1,0.933333333
domino,0.473684211,1,0.947368421
donkey,0.375,1,0.9375
donut,0.466666667,1,0.866666667
door,0.388888889,1,0.944444444
doorbell,0.352941176,1,0.941176471
doorhandle,0.647058824,1,0.941176471
doorknob,0.368421053,1,0.789473684
doorknocker,0.2,1,0.8
doormat,0.347826087,0.913043478,0.826086957
doorstop,0.357142857,0.857142857,0.928571429
dough,0.461538462,1,0.923076923
dragonfly,0.117647059,0.941176471,0.823529412
drain,0.4375,1,1
drawer,0.428571429,0.928571429,0.857142857
dreidel,0.444444444,0.611111111,0.777777778
dress,0.5,0.9375,0.9375
dresser,0.222222222,0.944444444,0.611111111
drill,0.125,1,0.75
drink,0.294117647,0.941176471,0.705882353
drum,1,1,1
drumstick,0.111111111,0.944444444,0.888888889
dryer,0.416666667,0.833333333,0.916666667
duck,0,1,0.333333333
duckling,0.142857143,1,0.571428571
duct,0.047619048,0.666666667,0.714285714
duct_tape,0.5,1,0.916666667
duffel_bag,0.8,1,0.9
dumbbell,0.285714286,1,0.714285714
dumbwaiter,0.476190476,0.714285714,0.619047619
dumpling,0.05,0.6,0.6
dumpster,0.285714286,1,0.928571429
duster,0.25,1,0.875
dustpan,0.807692308,1,1
dynamite,0.294117647,0.529411765,0.588235294
eagle,0.357142857,1,0.857142857
ear,0.833333333,1,1
earplug,0.1875,0.6875,0.875
earring,0.142857143,1,0.714285714
earwig,0.789473684,0.894736842,0.842105263
easel,0.833333333,1,1
easter_egg,0.714285714,1,0.952380952
eclair,0.125,0.9375,0.875
eel,0.1,0.9,0.75
egg,0.470588235,0.941176471,0.882352941
egg_roll,0.263157895,1,0.842105263
eggbeater,0.142857143,0.857142857,0.642857143
eggnog,0.833333333,1,1
eggplant,0.368421053,1,0.684210526
eggshell,0,0.9375,0.6875
elbow,0.095238095,0.952380952,0.714285714
electric_chair,0.736842105,0.947368421,1
elephant,0.9,1,1
emerald,0.333333333,1,0.611111111
enchilada,0.571428571,0.857142857,0.952380952
engine,0.142857143,0.928571429,0.857142857
envelope,0.9,1,0.95
eraser,0.173913043,0.913043478,0.739130435
espresso,0.944444444,1,1
exerciser,0.071428571,1,0.714285714
exhaust_pipe,0.681818182,0.954545455,0.954545455
extinguisher,0.333333333,0.944444444,0.944444444
eye,0.636363636,0.909090909,0.636363636
eye_patch,0.785714286,1,0.928571429
eyedropper,0.8,0.75,0.85
eyeliner,0.217391304,0.913043478,0.869565217
eyepiece,0,0.833333333,0.833333333
face,0.956521739,1,1
face_mask,0.058823529,0.941176471,0.470588235
fan,0.5625,1,0.8125
fast_food,0,1,0.461538462
faucet,0.65,0.9,1
feather,0.625,1,0.9375
fence,0.863636364,1,1
fencepost,0.2,0.8,0.7
fern,0.615384615,0.846153846,0.923076923
ferret,0.352941176,0.764705882,0.705882353
ferris_wheel,1,1,1
ferry,0.666666667,1,1
fig,0.823529412,0.823529412,1
figurine,0.222222222,0.888888889,0.777777778
file1,0.25,0.65,0.8
file2,0.578947368,0.894736842,0.947368421
filing_cabinet,1,1,1
film,0.6,1,0.933333333
filter,0.470588235,0.529411765,0.823529412
finger,0.133333333,0.933333333,0.866666667
fingerprint,0.913043478,0.956521739,1
fire,0.117647059,0.941176471,0.823529412
fire_alarm,0.384615385,0.846153846,0.692307692
fire_hydrant,0.647058824,1,1
fire_pit,0.416666667,0.833333333,0.833333333
firecracker,0.214285714,0.357142857,0.785714286
fireplace,0.105263158,0.947368421,0.473684211
firetruck,0.866666667,1,0.933333333
firewood,0.185185185,0.925925926,0.851851852
fireworks,1,1,0.941176471
first-aid_kit,0.384615385,1,0.846153846
fish,0.888888889,1,1
fishbowl,0.2,1,0.933333333
fishhook,0.733333333,0.933333333,0.933333333
fishing_pole,0.375,1,0.9375
fishnet_stockings,0.894736842,0.947368421,1
flag,0.666666667,1,0.933333333
flagpole,0.25,0.666666667,0.916666667
flamethrower,0.2,0.866666667,0.733333333
flamingo,0.941176471,1,1
flan,0.235294118,0.941176471,0.647058824
flashbulb,1,1,1
flashlight,0.761904762,1,1
flask,0.6875,0.875,0.875
flatiron,0.529411765,0.882352941,0.647058824
flip_flop,1,0.933333333,1
flipper,0.666666667,1,1
float,0.105263158,0.631578947,0.789473684
floss,0.214285714,0.714285714,0.678571429
flour,0.7,1,1
flower,1,1,1
flute,0.736842105,0.842105263,0.947368421
fly,0.333333333,0.944444444,1
flypaper,0.272727273,0.954545455,0.818181818
flyswatter,0.9,0.85,1
foam,0.352941176,0.647058824,0.764705882
folder,0.5,0.888888889,0.944444444
fondue,0.285714286,0.80952381,0.761904762
food_processor,0.142857143,0.928571429,0.714285714
foot,0.416666667,0.916666667,0.916666667
football,0.636363636,1,1
football_helmet,0.055555556,0.944444444,0.777777778
footbath,0.466666667,0.733333333,0.733333333
footprint,0.555555556,1,0.944444444
footrest,0.307692308,0.692307692,0.615384615
fork,0.684210526,0.947368421,0.947368421
forklift,0.6,0.9,0.95
fossil,0.6875,0.875,0.9375
fountain_pen,0.466666667,0.933333333,0.666666667
fox,0.6,1,1
frame,0.428571429,1,0.928571429
freezer,0.176470588,1,0.705882353
french_fries,0.1875,0.9375,0.5
french_horn,0.263157895,0.842105263,0.894736842
frisbee,0.071428571,1,1
frog,0.416666667,0.916666667,0.833333333
fruit,0.277777778,1,0.888888889
fruitcake,0.153846154,1,0.923076923
fudge,0.4,0.666666667,0.6
fungus,0.642857143,1,1
funnel,0.208333333,0.791666667,0.916666667
fur_coat,0.157894737,0.684210526,0.789473684
furnace,0.3,0.75,0.55
fuse,0.333333333,0.277777778,0.666666667
gallows,0.6,1,1
game,0.428571429,0.785714286,1
garbage,0.071428571,0.928571429,0.571428571
garbage_truck,0.44,0.92,0.84
gargoyle,0.142857143,0.928571429,0.928571429
garlic,0.105263158,1,0.842105263
garter,0.2,0.733333333,0.666666667
gas_mask,0.7,0.95,0.9
gasket,0.368421053,0.263157895,0.578947368
gate,0.35,0.95,0.95
gauge,0.9375,0.8125,0.9375
gauze,0.277777778,0.777777778,0.833333333
gavel,0.772727273,1,1
gazelle,0.941176471,0.941176471,1
gear,0.294117647,0.882352941,1
gearshift,0.153846154,1,1
gel,0.222222222,0.5,0.388888889
gem,0.333333333,0.952380952,0.857142857
generator,0.3,0.7,0.7
gift,0.285714286,1,0.666666667
ginger,0.277777778,0.944444444,0.833333333
gingerbread_man,0.285714286,1,0.571428571
giraffe,0.947368421,1,1
girl,0.947368421,0.947368421,1
glass,0.619047619,1,0.904761905
glasses,1,1,1
globe,0.947368421,1,1
glove,1,1,1
glue,0.166666667,0.944444444,0.777777778
go-kart,0.894736842,1,1
goalpost,0.944444444,1,0.944444444
goat,0.5,1,0.75
goblet,0.318181818,0.909090909,0.863636364
goggles,0.333333333,0.888888889,1
gold,0.285714286,0.785714286,0.785714286
goldfish,0.95,0.95,0.95
golf_cart,0.947368421,1,0.947368421
golf_club,0.952380952,0.952380952,0.952380952
gondola,0.357142857,1,1
gong,0,0.733333333,0.866666667
goose,0.714285714,1,1
gopher,0.5,0.9375,0.9375
gorilla,1,1,1
gourd,0.846153846,1,0.923076923
graffiti,1,1,1
grain,0.6,0.8,1
gramophone,0.555555556,0.944444444,0.888888889
granite,0.2,0.333333333,0.6
granola,0.263157895,0.789473684,0.631578947
grape,0.75,1,0.916666667
grapefruit,0.5,1,1
grapevine,0.75,0.75,0.875
grass,0.714285714,0.952380952,0.952380952
grasshopper,0.125,0.875,0.9375
grate,0.307692308,0.769230769,0.846153846
grater,0.866666667,1,1
gravel,0.428571429,0.952380952,0.904761905
gravestone,0.7,1,1
gravy,0.238095238,0.714285714,0.714285714
green_beans,0.25,0.666666667,0.75
grenade,0.5,1,1
grill,0.583333333,0.916666667,0.916666667
grille,0.894736842,0.947368421,1
grinder,0.35,0.3,0.5
grits,0.411764706,0.588235294,0.705882353
groundhog,0.583333333,0.833333333,0.916666667
guacamole,0.695652174,0.608695652,0.826086957
guardrail,0.88,0.76,0.92
guillotine,0.736842105,0.736842105,0.947368421
guinea_pig,0.1,0.8,0.8
guitar,0.952380952,1,1
gum,0.466666667,0.866666667,1
gumball,0.368421053,0.947368421,0.842105263
gumdrop,0.933333333,0.733333333,0.866666667
gun,0.894736842,1,1
gurney,0.666666667,1,0.888888889
gutter,0,0.666666667,0.916666667
gyro,0.0625,0.3125,0.5
gyroscope,0.0625,0.5,0.6875
hail,0.333333333,0.466666667,0.733333333
hair,0.523809524,1,1
hairbrush,0.8,1,0.933333333
hairdryer,0.15,1,0.65
hairnet,0.117647059,1,0.941176471
hairpin,0.5,1,0.875
hairspray,0.578947368,0.947368421,1
ham,0.2,0.8,0.533333333
hamburger,0.136363636,1,0.590909091
hammer,0.909090909,1,1
hammock,0.5625,1,0.9375
hamster,0.722222222,1,1
hand,0.875,0.958333333,1
handbrake,0.066666667,0.8,0.933333333
handcuff,0.384615385,0.923076923,0.846153846
handkerchief,0.217391304,1,0.826086957
handle,0.863636364,0.954545455,1
handlebar,0.347826087,1,1
handprint,0.904761905,1,0.952380952
hanger,0.866666667,1,0.933333333
hard_disk,0.541666667,0.875,0.916666667
harmonica,0.529411765,0.705882353,0.941176471
harness,0.235294118,0.941176471,0.941176471
harp,0.652173913,1,0.956521739
hash,0.388888889,0.777777778,0.777777778
hat,0.25,1,0.8125
hatbox,0.384615385,1,0.923076923
hatchet,1,1,0.9375
hawk,0.909090909,1,1
hay,0.8,0.933333333,0.933333333
headband,0.333333333,0.904761905,0.904761905
headdress,0.352941176,1,0.823529412
headlamp,0.05,0.8,0.55
headlight,0.833333333,1,1
headphones,1,1,0.916666667
headrest,0.428571429,0.714285714,0.904761905
headscarf,0.222222222,1,0.888888889
headset,0.6,1,1
hearing_aid,0.166666667,0.777777778,0.722222222
hearse,1,0.923076923,1
heater,0.454545455,0.636363636,0.909090909
hedge,0.7,0.9,1
hedgehog,0.944444444,0.888888889,1
helicopter,0.75,1,0.9375
helmet,0.666666667,0.944444444,0.888888889
highchair,1,0.923076923,1
highlighter,0.636363636,1,0.863636364
hinge,0.523809524,1,1
hip,0.470588235,1,0.823529412
hippopotamus,1,0.956521739,0.956521739
hobbyhorse,0.625,1,1
hockey_stick,0.818181818,1,1
hoe,0.714285714,0.80952381,0.904761905
hole,0.19047619,0.761904762,0.714285714
holster,0.2,0.85,0.95
home_plate,0.333333333,0.666666667,0.75
honey,0.72,0.92,1
honeycomb,0.631578947,0.842105263,0.894736842
honeypot,0.944444444,0.944444444,1
hood,0.625,1,0.9375
hoodie,0.722222222,1,0.944444444
hook1,0.25,0.875,0.6875
hook2,0.473684211,0.947368421,1
hookah,0.684210526,0.947368421,0.894736842
hopscotch,0.894736842,1,1
horn,0.705882353,0.529411765,0.823529412
horse,0.833333333,1,1
horseshoe,0.944444444,1,1
hose,0.894736842,1,0.947368421
hot_chocolate,0.842105263,1,0.947368421
hot_tub,0.583333333,1,0.916666667
hot-air_balloon,0.761904762,0.952380952,1
hot-water_bottle,0.055555556,0.888888889,0.722222222
hotdog,0.263157895,1,0.684210526
hotplate,0.476190476,0.428571429,0.571428571
hourglass,0.722222222,0.944444444,0.944444444
hovercraft,0.857142857,0.952380952,1
hubcap,0.818181818,1,0.954545455
hula_hoop,0.473684211,0.894736842,0.947368421
hummingbird,0.238095238,1,0.904761905
hummus,0.421052632,0.578947368,0.736842105
humvee,1,1,1
hydrant,0.352941176,0.882352941,0.823529412
hyena,0.882352941,0.941176471,1
ice,0.166666667,0.777777778,0.777777778
ice_cream,0.176470588,1,0.823529412
ice_cube,0.214285714,0.928571429,0.785714286
ice_pack,0.086956522,0.608695652,0.52173913
ice-cream_cone,0.727272727,1,1
icemaker,0.466666667,0.733333333,0.933333333
icepick,0.230769231,0.846153846,0.692307692
iceskate,0.565217391,1,0.869565217
icicle,0.611111111,0.888888889,0.944444444
iguana,0.833333333,0.944444444,1
incense,0.285714286,0.857142857,1
incubator,0,0.230769231,0.538461538
inhaler,0.388888889,1,1
ink,0.5,0.6,0.85
inkwell,0.529411765,0.882352941,0.941176471
insole,0.8,0.933333333,0.866666667
iron,0.8,1,0.933333333
ironing_board,0.666666667,1,1
ivy,0.761904762,0.952380952,0.904761905
jack,0.565217391,0.826086957,0.739130435
jacket,0.863636364,0.954545455,0.954545455
jackhammer,0.4,1,0.9
jalapeno,0.266666667,0.933333333,0.8
jam,0.636363636,1,1
jar,0.4375,1,1
javelin,0.857142857,0.857142857,0.928571429
jeans,0.863636364,1,1
jeep,1,0.9375,1
jelly_bean,0.533333333,0.933333333,0.8
jellyfish,0.888888889,1,1
jersey,0.461538462,0.846153846,0.923076923
jet,0.235294118,0.941176471,0.764705882
jetski,0.636363636,1,1
jewel,0.227272727,0.909090909,0.909090909
jewelry,0.941176471,1,1
jigsaw_puzzle,0.15,0.9,0.7
joystick,0,0.75,0.5
jug,0.8125,0.9375,1
juice,0.866666667,0.933333333,0.866666667
juicer1,0.55,0.9,0.85
juicer2,0.105263158,0.789473684,0.842105263
jukebox,0.625,0.9375,1
jump_rope,0.444444444,0.722222222,0.833333333
jumpsuit,0.857142857,1,1
kale,0.25,0.75,0.833333333
kaleidoscope,0.714285714,1,0.928571429
kangaroo,0.875,0.958333333,0.958333333
kayak,0.818181818,1,0.954545455
kazoo,0.555555556,0.833333333,0.833333333
kebab,0.294117647,0.823529412,0.764705882
keg,0.466666667,0.8,0.8
ketchup,0.307692308,0.884615385,0.846153846
kettle,0.529411765,0.941176471,0.882352941
key,0.9375,1,1
keyboard,1,1,1
keyhole,1,1,1
kilt,0.846153846,1,1
kimono,0.47826087,0.913043478,0.782608696
kite,0.590909091,1,0.954545455
kitten,0.75,0.95,0.95
kiwi,0.714285714,1,1
knee,0.545454545,1,1
kneepad,0.625,0.9375,1
knife,0.666666667,0.933333333,1
knitting,0.347826087,1,0.826086957
knitting_needle,0.461538462,0.769230769,0.846153846
knob,0.25,0.25,0.625
knot,0.736842105,1,1
koala,0.470588235,1,0.823529412
lab_coat,0.666666667,0.952380952,0.952380952
ladder,0.75,1,0.9
ladle,0.368421053,1,0.894736842
ladybug,0.105263158,0.947368421,0.105263158
lamb,1,1,1
lamb_chop,0.142857143,0.785714286,0.928571429
lamp,0.555555556,0.944444444,0.888888889
lamppost,0.923076923,1,1
lampshade,0.421052632,1,1
landmine,0.421052632,0.315789474,0.842105263
lantern,0.75,0.875,0.9375
lanyard,0.210526316,0.894736842,0.736842105
laptop,0.818181818,1,1
lasagna,0.25,0.95,0.9
laser_pointer,0.111111111,0.555555556,0.666666667
latch,0.294117647,1,0.823529412
latte,0.8,1,0.95
laundry_basket,0.277777778,0.944444444,0.944444444
lava,0.222222222,0.777777778,0.777777778
lavender,0.407407407,0.888888889,0.925925926
lawnmower,0.222222222,1,0.888888889
leaf,0.5,1,0.777777778
leash,0.269230769,0.884615385,0.846153846
lectern,0.208333333,0.791666667,0.875
leech,1,0.928571429,0.928571429
leek,0.277777778,0.777777778,0.833333333
leg,0.695652174,0.956521739,1
leggings,0.823529412,1,1
lego,0.368421053,0.947368421,1
lemon,0.4,1,0.9
lemonade,0.142857143,0.928571429,0.714285714
lens,0.111111111,0.666666667,0.611111111
leopard,1,1,0.947368421
leotard,0.166666667,0.888888889,0.5
letter_opener,0.3125,0.8125,0.875
lettuce,0.111111111,0.944444444,0.833333333
license_plate,0.928571429,1,1
licorice,0.333333333,0.333333333,0.444444444
lid,0.705882353,1,1
life_jacket,0.722222222,0.888888889,1
lifesaver,0.933333333,0.933333333,1
light_switch,0.285714286,0.928571429,0.857142857
lightbulb,0.888888889,1,1
lighter,0.823529412,1,1
lightning_bug,0.933333333,0.933333333,1
lime,0.928571429,0.785714286,1
limousine,1,1,0.95
lingerie,0.5,0.944444444,1
lion,0.1,0.9,0.8
lip_balm,0.555555556,0.944444444,1
lip_gloss,0.291666667,0.958333333,0.916666667
lipstick,0.555555556,0.944444444,0.888888889
lizard,0.705882353,1,1
llama,0.75,0.875,0.9375
lobster,0.105263158,0.842105263,0.473684211
lock,0.238095238,1,0.952380952
locker,0.578947368,1,0.947368421
locket,0.047619048,0.952380952,0.285714286
log,0.388888889,0.944444444,0.944444444
loincloth,0.25,0.916666667,1
lollipop,0.428571429,1,0.571428571
loom,0.380952381,0.714285714,1
loveseat,0.666666667,0.866666667,0.933333333
luggage,0.818181818,1,0.909090909
lumber,0.294117647,1,0.823529412
lunchbox,1,1,1
macadamia,0.416666667,0.75,0.833333333
macaroni,0.3,1,1
machete,0.076923077,0.846153846,0.846153846
machine_gun,0.444444444,0.944444444,0.888888889
maggot,0.588235294,0.882352941,0.941176471
magnet,0.125,0.5625,0.6875
magnifier,0.086956522,0.608695652,0.826086957
magnifying_glass,0.769230769,0.923076923,0.846153846
mail,0.4,1,0.9
mailbox,0.130434783,0.956521739,0.869565217
makeup,0.32,1,0.96
mallet,0.777777778,1,0.944444444
man,0.6,0.95,0.8
manatee,0.571428571,0.785714286,1
mandolin,0.944444444,0.944444444,1
mango,0.380952381,0.904761905,0.952380952
manhole,0.538461538,0.846153846,0.923076923
mannequin,0.208333333,1,0.833333333
mantle,0.117647059,0.941176471,0.941176471
map,0.357142857,1,0.928571429
maple_syrup,0.384615385,0.846153846,0.923076923
marble,0.5,0.9,1
margarita,0.222222222,1,0.555555556
marijuana,0.85,0.95,0.9
marker,0.5,0.785714286,0.785714286
marmalade,0.058823529,0.470588235,0.647058824
marshmallow,0.222222222,0.777777778,0.888888889
mascara,0.388888889,0.944444444,1
mashed_potato,0.785714286,0.785714286,0.857142857
mask,0.5625,0.9375,0.9375
mast,0.105263158,1,0.894736842
mat,0.842105263,1,1
match,0.210526316,0.947368421,0.894736842
matchbox,0.333333333,0.666666667,0.888888889
mattress,0.45,1,0.9
measuring_cup,0.764705882,1,0.941176471
meat,0.066666667,0.866666667,0.733333333
meat_grinder,0.176470588,0.941176471,0.588235294
meatball,0.266666667,0.666666667,0.866666667
meatloaf,0.304347826,0.782608696,0.826086957
medal,0.823529412,0.941176471,0.941176471
meerkat,0.684210526,0.894736842,0.947368421
megaphone,0.777777778,0.944444444,0.888888889
melon,0.142857143,0.857142857,1
memory_stick,0.952380952,1,1
metal_detector,0.294117647,1,0.764705882
metronome,0.266666667,1,0.733333333
microphone,0.882352941,1,1
microscope,0.818181818,0.909090909,1
microwave,0.130434783,0.956521739,0.739130435
milk,0.944444444,1,1
milkshake,0.526315789,1,1
minivan,0.923076923,1,1
mint,0.681818182,0.909090909,0.863636364
mirror,0.583333333,1,0.916666667
missile,0.294117647,0.823529412,0.941176471
mistletoe,0.647058824,1,1
mitten,0.944444444,1,1
mixer,1,1,1
moccasin,0.636363636,0.909090909,0.954545455
modem,0.222222222,0.722222222,0.888888889
mold1,0.333333333,1,1
mold2,0.15,0.5,0.65
mole,0.217391304,0.826086957,0.826086957
money,0.894736842,0.894736842,0.894736842
mongoose,0.894736842,0.578947368,0.684210526
monkey,0.32,1,0.96
moose,0.904761905,1,1
mop,0.8,1,1
mosquito,0.882352941,1,0.882352941
mosquito_net,0.590909091,1,1
moss,0.238095238,1,1
moth,0.964285714,1,1
motherboard,0.833333333,1,1
motorcycle,1,1,1
mouse1,0.727272727,0.909090909,1
mouse2,0.923076923,1,0.923076923
mousepad,0.047619048,0.904761905,0.80952381
mousetrap,0.6,1,0.85
mousse,0.192307692,0.692307692,0.692307692
mouth,0.961538462,1,1
mouthpiece,0.333333333,0.833333333,0.791666667
mud,0.0625,0.5625,0.5
muff,0.071428571,0.5,0.428571429
muffin,0.666666667,1,1
mug,0.727272727,1,1
mulberry,0.222222222,0.666666667,0.777777778
mulch,0.666666667,0.916666667,0.875
mullet,0.684210526,0.947368421,0.894736842
mushroom,0.769230769,1,1
music_box,0.086956522,0.913043478,0.652173913
mussel,0.263157895,0.894736842,0.842105263
mustache,0.607142857,1,0.964285714
mustard,0.357142857,0.678571429,0.785714286
nacho,0.625,0.875,0.958333333
nail,0.736842105,1,1
nail_clippers,0.111111111,0.888888889,0.722222222
nail_file,0.52173913,0.782608696,0.826086957
nail_polish,0.846153846,1,1
napkin,0.461538462,0.923076923,0.923076923
napkin_ring,0.45,0.9,1
navel,0.105263158,0.894736842,0.736842105
neck,0.090909091,1,0.590909091
necklace,0.722222222,1,0.944444444
needle,0.285714286,0.80952381,0.80952381
nest,0.695652174,0.956521739,0.913043478
net,0.5,0.875,0.958333333
nightshirt,0.933333333,1,0.933333333
nightstand,0.647058824,1,0.941176471
noisemaker,0.214285714,0.714285714,1
noodle,0.625,0.9375,0.9375
noose,0.142857143,0.928571429,0.857142857
nose,0.285714286,1,0.857142857
notebook,0.705882353,1,0.941176471
notepad,0.9,0.95,1
nut,0.318181818,0.954545455,0.954545455
nutcracker,0.3125,0.8125,1
oar,0.076923077,0.769230769,0.923076923
oatmeal,0.416666667,0.916666667,0.75
octopus,0.35,0.95,0.9
odometer,1,1,1
oil,0.4,0.933333333,0.933333333
oilcan,0.142857143,0.5,0.857142857
okra,0.066666667,0.533333333,0.8
olive,0.2,0.95,0.75
omelet,0.142857143,0.904761905,0.80952381
onion,0.384615385,1,0.692307692
orange,0.785714286,0.928571429,1
orange_rind,0,1,0.6875
orangutan,1,1,1
orchid,0.470588235,0.941176471,0.705882353
organ,0.75,0.875,1
origami,0.307692308,0.846153846,1
ostrich,0.35,1,0.95
otter,0.611111111,0.944444444,0.944444444
ottoman,0.1875,0.9375,0.75
outfit,0.5,1,0.95
outlet,0.133333333,1,0.466666667
oven,0.307692308,1,0.615384615
overalls,0.352941176,0.941176471,0.882352941
owl,0.705882353,1,1
oyster,0.266666667,1,0.933333333
pacifier,0.133333333,1,0.666666667
paddle,0.272727273,1,0.909090909
padlock,0.533333333,1,1
paint,0.444444444,1,0.962962963
paintbrush,0.75,0.95,1
painting,0.277777778,1,0.944444444
pajamas,0.133333333,1,0.8
palette,0.166666667,0.611111111,0.722222222
pallet,0.625,0.875,0.875
palm_tree,0.666666667,1,1
pan,0.647058824,1,0.882352941
pancake,0.230769231,1,0.769230769
panda,0.428571429,1,0.785714286
panther,0.052631579,0.894736842,0.578947368
panties,0.285714286,0.928571429,0.714285714
pants,0.866666667,1,1
pantsuit,0.8,1,0.95
pantyhose,0.304347826,0.869565217,0.913043478
papaya,0.25,0.6875,0.4375
paper,0.588235294,0.941176471,0.882352941
paper_bag,0.6,1,0.9
paper_plate,0.214285714,0.857142857,0.714285714
paper_towel,0.5,1,1
paperclip,0.789473684,1,0.947368421
paperweight,0.3,0.4,0.75
parachute,0.333333333,1,0.944444444
parfait,0.722222222,0.944444444,1
parking_meter,0.294117647,0.882352941,0.941176471
parrot,0.45,0.95,0.85
parsley,0.4,0.8,0.9
pasta,0.235294118,1,0.882352941
pastry,0.333333333,0.555555556,0.833333333
patch,0.259259259,0.925925926,1
patty,0.785714286,1,0.928571429
payphone,0.45,0.9,1
pea,0.615384615,0.923076923,1
peach,0.458333333,1,0.833333333
peacock,1,1,1
peanut,0.153846154,0.923076923,1
peanut_butter,0.266666667,1,0.933333333
pear,0.647058824,1,0.823529412
pearl,0.277777778,0.888888889,0.833333333
pecan,0.058823529,0.882352941,0.352941176
pedal,0.2,0.8,0.9
pedometer,0.375,0.875,0.9375
peeler,0.6,1,1
peg,0.066666667,0.6,0.733333333
pelican,0.875,1,0.9375
pen,0.846153846,0.923076923,0.923076923
pencil,0.466666667,1,0.866666667
pencil_sharpener,0.541666667,0.916666667,0.958333333
pendulum,0.75,0.25,0.45
penguin,0.533333333,0.933333333,1
penholder,0.277777778,0.388888889,0.722222222
penlight,0.285714286,0.928571429,0.857142857
pennant,0.384615385,1,0.846153846
pepper_mill,0.380952381,0.904761905,0.857142857
pepper1,0.222222222,0.833333333,0.888888889
pepper2,0.125,0.875,0.5
peppermint,0.3,0.9,0.95
pepperoni,0.375,1,0.875
perfume,0.466666667,1,0.933333333
periscope,0.117647059,0.235294118,0.588235294
pesto,0.307692308,0.769230769,0.923076923
pet_food,0.368421053,0.947368421,0.894736842
petal,0.210526316,0.842105263,0.789473684
petri_dish,0.133333333,0.866666667,0.933333333
pheasant,0.785714286,1,1
phone,1,1,1
phone_booth,0.666666667,0.944444444,1
photo_booth,0.384615385,0.923076923,1
photograph,0.4,1,0.9
piano,0.789473684,1,1
pickax,0.25,0.875,0.8125
pickle,0.363636364,0.863636364,0.909090909
pie,0.75,1,1
piecrust,0.222222222,0.944444444,0.388888889
pig,0.166666667,1,1
pigeon,0.470588235,1,0.764705882
piggy_bank,0.052631579,0.947368421,0.578947368
piglet,0.411764706,1,0.882352941
pill,0.1,0.9,0.8
pillbox,0.25,0.75,0.833333333
pillow,0.352941176,1,0.941176471
pin,0.285714286,1,0.928571429
pinball,0.047619048,0.619047619,0.857142857
pincushion,0.277777778,0.944444444,0.888888889
pine_needle,0.307692308,0.923076923,0.846153846
pine_tree,1,1,0.9375
pineapple,0.933333333,1,0.933333333
pinecone,0.45,0.9,0.85
ping-pong_table,0.461538462,1,1
pinwheel,0.277777778,0.833333333,0.666666667
pipe1,0.214285714,0.785714286,0.928571429
pipe2,0.210526316,0.947368421,0.789473684
pistachio,0.642857143,0.928571429,0.785714286
pita,0.142857143,0.523809524,0.666666667
pitcher,0.764705882,1,0.941176471
pitchfork,0.666666667,0.944444444,0.944444444
pizza,0.666666667,0.944444444,1
place_mat,0.428571429,0.785714286,1
plant,0.642857143,0.928571429,1
plaster_cast,0.277777778,0.944444444,0.777777778
plastic_film,0.058823529,0.882352941,0.882352941
plate,0.705882353,1,0.941176471
platypus,0,0.857142857,0.785714286
playing_card,1,0.954545455,1
playpen,0.294117647,0.941176471,0.941176471
pliers,0.357142857,1,0.785714286
plug,0.5,1,1
plum,0.4375,1,0.8125
plunger,0.166666667,1,0.75
pocket,0.333333333,1,0.916666667
pocket_watch,0.75,1,1
pocketknife,0.111111111,0.888888889,0.833333333
pogo_stick,0.75,1,0.916666667
poinsettia,0.368421053,1,0.947368421
poker,0.36,0.28,0.52
polar_bear,0.222222222,1,0.944444444
polaroid,0.925925926,1,0.962962963
pole,0.277777778,0.555555556,0.666666667
police_car,1,1,1
polisher,0.5,0.5,0.75
polo_shirt,0.5,1,0.954545455
polygraph,0.733333333,1,0.933333333
pom-pom,0.368421053,0.526315789,0.631578947
pomegranate,0.272727273,0.818181818,0.818181818
pony,0.578947368,1,0.894736842
poodle,0.7,1,1
pool_table,0.130434783,1,0.739130435
popcorn,0.055555556,0.888888889,0.777777778
poppy,0.461538462,1,0.769230769
popsicle,0.444444444,1,0.944444444
porcupine,0.611111111,0.833333333,0.944444444
porthole,0.375,0.875,0.75
possum,0.117647059,0.470588235,0.352941176
poster,0.2,0.666666667,0.866666667
pot,0.7,0.933333333,1
potato,0.714285714,1,1
potholder,0.380952381,0.857142857,1
pothole,0.105263158,0.631578947,0.842105263
potpie,0.529411765,1,1
potpourri,0.222222222,0.888888889,0.944444444
powder,0.263157895,0.631578947,0.894736842
power_line,0.714285714,0.928571429,1
praying_mantis,0.315789474,0.947368421,0.894736842
pretzel,0.307692308,0.846153846,0.769230769
printer,0.3,0.9,0.85
prism,0.076923077,0.846153846,0.538461538
projector,0.47826087,1,0.782608696
propeller,0.4375,0.8125,0.5625
prune,0.388888889,0.944444444,0.666666667
puck,0.461538462,0.692307692,0.923076923
pudding,0.368421053,0.736842105,0.894736842
puddle,0.260869565,0.956521739,0.739130435
puffin,0.277777778,0.944444444,0.888888889
pug,0.2,1,0.733333333
pulley,0.571428571,0.785714286,0.928571429
pulpit,0.3,0.5,0.85
pump,0.444444444,0.888888889,1
pumpkin,0.4,0.95,0.85
punch1,0.588235294,0.647058824,0.882352941
punch2,0.933333333,0.866666667,1
punching_bag,0.181818182,1,0.818181818
puppet,0.625,0.875,1
puppy,0.571428571,0.928571429,0.928571429
purse,0.714285714,1,0.80952381
quad,0.5,1,0.954545455
quesadilla,0.333333333,0.761904762,0.904761905
quiche,0.272727273,0.590909091,0.863636364
quill,0.846153846,1,0.923076923
quilt,0.277777778,0.777777778,0.944444444
rabbit,0.4,1,1
raccoon,0.28,0.88,0.8
racehorse,1,1,0.857142857
rack1,0.277777778,0.722222222,0.722222222
rack2,0.5625,1,1
racket,0.333333333,1,0.583333333
radar,0.5,0.85,0.45
radiator,0.631578947,0.894736842,0.894736842
radio,0.333333333,1,1
radish,0.615384615,0.692307692,0.692307692
raft,0.611111111,0.944444444,0.833333333
rag,0.083333333,1,0.75
railing,0.222222222,1,0.944444444
rain_gauge,0,0.611111111,0.333333333
raincoat,0.714285714,0.928571429,0.928571429
raisin,0.214285714,1,0.928571429
rake,0.772727273,0.954545455,0.954545455
ram,0.529411765,0.882352941,0.882352941
ramp,0.55,0.9,0.9
raspberry,0.833333333,0.944444444,0.944444444
rat,0.333333333,1,0.80952381
ratchet,0.263157895,0.736842105,0.736842105
rattle,0.285714286,0.785714286,0.857142857
rattlesnake,0.2,0.933333333,0.933333333
ravioli,0.1,0.4,0.2
razor,0.458333333,1,0.875
razor_blade,0.294117647,0.764705882,0.823529412
ready_meal,0.333333333,1,0.75
rearview_mirror,1,1,1
recliner,0.833333333,1,1
record,0.666666667,0.952380952,0.952380952
record_player,0.8,1,1
recorder,0.85,1,1
red_carpet,0.75,1,0.95
reel,0.409090909,0.863636364,0.772727273
refrigerator,0.526315789,0.947368421,0.947368421
reindeer,0.2,1,0.9
remote_control,0.8125,0.9375,0.9375
retainer,0.3125,0.9375,0.75
revolver,0.888888889,1,1
revolving_door,0.333333333,0.888888889,0.944444444
rhinoceros,0.058823529,0.941176471,0.647058824
rhubarb,0.263157895,0.947368421,0.789473684
ribbon,0.272727273,0.818181818,1
rice,0.3125,1,0.9375
rickshaw,0.578947368,0.947368421,1
rifle,0.307692308,1,0.923076923
rim,1,0.916666667,1
ring,0.277777778,1,0.722222222
riser,0.777777778,0.944444444,0.888888889
road_sign,0.133333333,0.933333333,0.666666667
roadsweeper,0.785714286,0.928571429,0.928571429
robe,0,1,0.769230769
robot,0.347826087,0.956521739,1
rock,0.125,0.916666667,1
rocket,0.176470588,0.941176471,0.941176471
rocking_chair,0.941176471,1,1
rocking_horse,0.764705882,1,1
roll,0.347826087,0.782608696,0.869565217
roller,0.2,0.466666667,0.8
roller_coaster,0.434782609,0.956521739,0.826086957
rollerblade,0.411764706,1,0.882352941
rollerskate,0.92,0.96,1
rolling_pin,0.761904762,0.904761905,1
roof_rack,0.1875,0.8125,0.875
rooster,0.894736842,1,1
root,0.588235294,1,1
rope,0.55,0.95,0.9
rosary,0.227272727,1,0.909090909
rose,0.611111111,1,1
roulette_wheel,0.5625,0.9375,0.9375
router,0.066666667,0.933333333,0.666666667
rubber_band,0.285714286,0.952380952,0.952380952
ruby,0.125,0.5,0.583333333
rudder,0.15,0.55,0.9
rug,0.2,1,0.866666667
ruler,0.117647059,1,0.705882353
rust,0.25,0.4,0.5
saddle,0.368421053,1,0.894736842
safety_pin,0.875,0.9375,1
saffron,0.75,0.625,0.8125
sail,0.142857143,0.785714286,0.714285714
sailboat,0.875,0.9375,0.9375
salad,0.19047619,0.857142857,0.80952381
salami,0.538461538,1,0.692307692
saltshaker,0.578947368,1,1
sand,0.5,0.9,0.9
sandal,0.2,1,1
sandbag,0.275862069,0.896551724,0.655172414
sandbox,0.095238095,0.904761905,0.904761905
sandcastle,0.555555556,0.944444444,1
sandpaper,0.105263158,0.789473684,0.789473684
sandwich,0.117647059,1,0.470588235
sarcophagus,0.789473684,1,1
sardine,0.263157895,0.894736842,0.842105263
satellite,0.24,0.56,0.8
satellite_dish,0.1875,1,0.6875
sauce,0.722222222,0.833333333,0.888888889
saucer,0.818181818,1,1
sauerkraut,0.235294118,0.882352941,0.823529412
sausage,0.117647059,1,0.941176471
saw,0.294117647,0.941176471,0.941176471
sawhorse,0.238095238,0.523809524,0.80952381
saxophone,0.75,0.95,0.85
scaffold,0.882352941,1,1
scaffolding,0.15,0.95,0.9
scale,0.529411765,1,0.764705882
scallion,0.166666667,1,1
scallop,0.055555556,0.777777778,0.611111111
scalpel,0.333333333,0.777777778,0.944444444
scanner,0.684210526,0.842105263,0.947368421
scarecrow,0.352941176,1,0.941176471
scarf,0.2,1,0.866666667
school_bus,0.733333333,1,0.933333333
scissors,0.15,0.95,0.45
scone,0.470588235,0.647058824,1
scoop,0.416666667,0.75,0.75
scooter,0.333333333,1,0.888888889
scoreboard,0.3125,0.875,0.625
scorpion,1,1,1
scrabble,0,0.785714286,0.428571429
scrambled_egg,0.071428571,0.642857143,0.642857143
scraper,0.2,0.6,0.333333333
screen1,0.222222222,1,0.944444444
screen2,0.181818182,0.636363636,0.727272727
screw,0.95,1,1
screwdriver,0.764705882,0.941176471,1
scuba,0.222222222,0.444444444,0.833333333
sea_urchin,0.5,0.625,0.8125
seafood,0,0.863636364,0.5
seagull,0.933333333,1,0.933333333
seahorse,0.380952381,0.952380952,0.904761905
seal,0.214285714,1,1
seaplane,0.5,1,0.714285714
seatbelt,0.117647059,0.941176471,0.705882353
seaweed,0.25,0.65,0.65
seed,0.105263158,0.947368421,0.578947368
seesaw,0.647058824,1,0.941176471
seismograph,0.315789474,0.210526316,0.631578947
sequin,0,0.777777778,0.444444444
sewage,0.666666667,0.619047619,1
sewing_kit,0.473684211,0.894736842,1
sewing_machine,0.705882353,0.941176471,0.941176471
shaker,0.375,0.8125,0.9375
shark,0.733333333,1,1
shaving_cream,0.0625,0.8125,0.8125
shawl,0.136363636,0.454545455,0.818181818
shears,0.125,0.875,0.875
sheath,0.588235294,0.941176471,0.882352941
sheep,0.4375,0.9375,0.8125
sheet,0.25,1,0.9375
shelf,0.6,1,0.866666667
shell1,0.052631579,0.947368421,0.684210526
shell2,0.583333333,1,1
shell3,0.4375,0.75,0.9375
shield,0.541666667,1,1
ship,0.588235294,1,1
shirt,0.875,0.9375,0.9375
shoe,0.941176471,1,1
shoe_polish,0.142857143,0.857142857,0.928571429
shoehorn,0.25,0.5,0.6875
shoelace,0.238095238,0.952380952,0.904761905
shopping_basket,0.35,1,0.9
shopping_cart,0.272727273,0.909090909,0.363636364
shortbread,0.0625,0.8125,0.8125
shorts,1,1,1
shoulder,0.176470588,0.941176471,0.882352941
shovel,0.4375,1,0.9375
shower,0.444444444,1,0.888888889
shower_cap,0.25,1,0.75
shower_curtain,0.4,1,0.9
showerhead,0.941176471,1,0.882352941
shredder,0.3125,0.6875,0.6875
shrimp,0.357142857,0.857142857,0.857142857
shuffleboard,0.090909091,0.227272727,0.636363636
shutter,0.181818182,0.909090909,0.818181818
sickle,0.4,0.666666667,0.8
sidecar,0.0625,0.75,0.9375
sifter,0.916666667,1,0.916666667
silicone,0.19047619,0.666666667,0.857142857
silverware,0.88,0.92,0.96
sim_card,0.285714286,0.857142857,0.904761905
sink,0.894736842,1,1
siren,0.3,0.9,0.8
skateboard,0.269230769,1,0.884615385
skeleton,1,1,1
skewer,0.6,0.8,0.866666667
ski,0.260869565,0.913043478,0.913043478
ski_boots,0.4,0.933333333,0.933333333
ski_lift,0.6,0.9,0.9
ski_pole,0.777777778,0.888888889,0.944444444
skin,0.076923077,0.692307692,0.769230769
skirt,0.571428571,1,1
skull,1,1,0.944444444
skunk,0.55,1,0.95
sled,0.153846154,1,1
sledgehammer,0.739130435,0.956521739,0.913043478
sleeping_bag,0.48,0.96,1
slicer,0.315789474,0.368421053,0.789473684
slide,1,1,1
slime,0.071428571,0.428571429,0.714285714
sling,0.058823529,0.764705882,0.823529412
slingshot,0.473684211,1,1
slipper,0.928571429,1,1
slot,0.647058824,1,0.941176471
slot_machine,0.8,0.933333333,1
sloth,0.294117647,0.941176471,0.588235294
slug,0.666666667,1,0.866666667
smoke_alarm,0.470588235,1,0.882352941
smoothie,0.875,1,0.9375
snack,0.333333333,0.944444444,1
snail,0.105263158,1,0.789473684
snake,0.384615385,0.961538462,0.653846154
snorkel,0.133333333,0.866666667,0.8
snow,0.0625,0.9375,0.875
snowball,0.105263158,0.894736842,0.578947368
snowboard,0.333333333,1,0.866666667
snowman,0.95,1,1
snowmobile,0.764705882,1,1
snowplow,0.181818182,1,0.5
snowshoe,0.1875,0.75,0.8125
snowsuit,0.384615385,0.692307692,0.846153846
soap,0.1,1,0.55
soccer_ball,0.6,1,0.95
sock,1,1,1
soda,0.571428571,1,1
soda_fountain,0.294117647,0.941176471,0.941176471
sofa_bed,0.357142857,1,0.785714286
solar_panel,0.611111111,1,1
soldering_iron,0.611111111,0.666666667,0.833333333
sombrero,0.681818182,0.681818182,0.909090909
sonogram,0.777777778,1,0.888888889
sorbet,0.055555556,0.833333333,0.888888889
souffle,0.545454545,0.909090909,0.818181818
soup,0.75,1,0.95
soy_sauce,0.4375,0.875,1
space_shuttle,0.333333333,1,0.666666667
spacesuit,0.5,0.8,1
spaghetti,0.555555556,1,0.888888889
spam,0.5,0.5,0.875
spareribs,0.2,0.95,0.9
spark_plug,0.352941176,0.705882353,0.588235294
sparkler,0.608695652,0.956521739,0.956521739
spatula,0.727272727,0.818181818,0.818181818
speaker,0.461538462,0.923076923,0.923076923
spear,0.523809524,0.80952381,0.952380952
speedboat,0.333333333,0.916666667,0.958333333
speedometer,0.357142857,1,0.857142857
spider,1,1,1
spider_web,0.933333333,1,1
spinach,0.277777778,0.888888889,0.888888889
splinter,0.055555556,0.944444444,0.388888889
sponge,0.733333333,0.933333333,0.866666667
spool,0.526315789,0.947368421,0.894736842
spoon,0.363636364,1,0.818181818
spout,0.2,0.933333333,0.933333333
spring_roll,0.166666667,1,0.833333333
springboard,0.157894737,0.578947368,0.526315789
sprinkler,0.4,1,0.933333333
sprouts,0.388888889,0.666666667,0.888888889
spur,0.052631579,0.842105263,0.789473684
squash,0.222222222,0.777777778,0.555555556
squeegee,0.583333333,0.75,0.916666667
squid,0.5,0.611111111,0.888888889
squirrel,0.857142857,0.928571429,0.928571429
squirt_gun,0.777777778,0.944444444,1
stained_glass,0.736842105,1,1
stair,0.333333333,1,1
stake,0.315789474,0.842105263,0.842105263
stalagmite,0.05,0.7,0.85
stamp1,0.8,1,1
stamp2,0.428571429,0.642857143,1
staple,0.166666667,0.944444444,0.5
staple_gun,0.117647059,0.941176471,0.823529412
stapler,0.529411765,1,0.941176471
star_fruit,0,0.5,0.333333333
starfish,1,1,0.909090909
station_wagon,1,1,0.882352941
statue,0.052631579,0.842105263,0.736842105
steak,0.105263158,0.947368421,0.842105263
steamroller,0.571428571,0.928571429,1
steering_wheel,0.764705882,0.941176471,0.941176471
stem,0.076923077,0.769230769,0.692307692
step_stool,0.25,0.916666667,1
stereo,0.909090909,1,1
stethoscope,0.380952381,1,0.904761905
stew,0.541666667,0.916666667,0.916666667
stick,0.266666667,1,0.866666667
sticker,0.277777778,0.722222222,0.833333333
stiletto,0.631578947,1,0.894736842
stilt,0.130434783,0.608695652,0.913043478
stingray,0.058823529,0.941176471,0.764705882
stir_fry,0.75,0.875,0.9375
stirrup,0.166666667,0.888888889,0.833333333
stockings,1,1,1
stomach,0.380952381,1,1
stool,0.5,0.958333333,0.875
stopwatch,0.1,0.95,0.65
stove1,0.625,1,0.9375
stove2,0.434782609,0.956521739,0.956521739
straightjacket,0.25,0.833333333,0.833333333
strainer,0.35,0.9,0.65
strap,0.466666667,0.533333333,0.733333333
straw1,0.380952381,0.80952381,1
straw2,0.391304348,1,0.956521739
strawberry,0.333333333,1,1
streetlight,0.588235294,0.941176471,0.823529412
stretcher,0.428571429,0.857142857,0.714285714
string_cheese,0.352941176,0.470588235,0.647058824
stroller,0.857142857,1,1
stuffing,0.217391304,0.47826087,0.565217391
stump,0.590909091,1,1
submarine,0.458333333,0.958333333,0.958333333
subway,0.714285714,1,1
sugar_cube,0.125,0.9375,0.8125
suit,0.95,1,1
suitcase,0.111111111,1,0.777777778
sundae,0.3125,0.875,0.9375
sundial,0.85,0.95,0.9
sunflower,0.789473684,0.947368421,0.947368421
sunglasses,1,0.941176471,1
sunroof,0.333333333,0.866666667,0.8
surfboard,0.235294118,0.941176471,0.882352941
sushi,0.25,1,0.9375
suspenders,0.666666667,1,0.916666667
swab,0.375,1,0.8125
swan,0.866666667,0.933333333,0.866666667
sweater,0.75,1,1
sweatsuit,0.941176471,1,1
sweeper,0.5,0.5625,0.6875
sweet_potato,0.357142857,1,0.928571429
swimming_pool,0.529411765,0.941176471,0.941176471
swimsuit,0.166666667,1,0.583333333
swing,0.764705882,0.882352941,1
swing_set,0.333333333,0.944444444,0.722222222
switch,0.75862069,1,0.965517241
swizzle_stick,0.777777778,0.444444444,0.833333333
sword,0.4,1,1
swordfish,0.368421053,0.947368421,0.842105263
syringe,0.75,1,0.9375
syrup,0.444444444,0.962962963,0.851851852
t-shirt,0.529411765,1,0.882352941
tab,0.066666667,1,0.866666667
table,0.923076923,1,1
tablecloth,0.117647059,1,0.294117647
tablet,0.529411765,0.941176471,0.941176471
tack,0.277777778,0.888888889,0.888888889
tackle,0.666666667,0.866666667,1
taco,0.222222222,0.944444444,0.722222222
tadpole,0.083333333,0.916666667,0.916666667
taffy,0.052631579,0.947368421,0.578947368
tag,0.052631579,1,0.421052632
taillight,0.352941176,0.941176471,0.941176471
tamale,0.166666667,0.166666667,0.666666667
tambourine,0.947368421,0.947368421,1
tank1,0.8,0.866666667,1
tank2,0.565217391,0.608695652,0.782608696
tape,0.666666667,1,1
tape_measure,0.2,1,0.45
tape_recorder,0.444444444,0.888888889,1
tapestry,0.266666667,0.733333333,0.666666667
tarantula,0.866666667,1,1
target,0.45,1,0.75
tarp,0.1,0.5,0.55
tattoo,0.210526316,0.947368421,0.894736842
taxi,0.916666667,1,1
tea,0.944444444,0.888888889,1
teabag,0.555555556,0.944444444,0.944444444
teacup,0.588235294,1,0.882352941
teapot,0.368421053,1,0.842105263
teddy_bear,0.944444444,1,1
tee,0.793103448,0.793103448,0.965517241
teepee,0.791666667,0.958333333,0.958333333
telegraph,0.176470588,0.352941176,0.529411765
telephone_pole,0.470588235,1,0.882352941
telescope,0.923076923,0.961538462,1
television,0.666666667,0.933333333,0.866666667
tennis_ball,0.466666667,1,0.866666667
tent,0.8,1,0.933333333
terrarium,0.785714286,0.857142857,1
test_tube,0.0625,0.875,0.3125
thermometer,0.133333333,1,0.666666667
thermos,0.352941176,0.941176471,0.882352941
thermostat,0.470588235,1,0.764705882
thimble,0.739130435,0.869565217,0.826086957
thorn,0.222222222,1,0.5
thread,0.461538462,1,0.923076923
throne,0.8,0.933333333,0.933333333
thumb,0.8,1,0.9
thumbtack,0.5,1,0.928571429
tiara,0.733333333,0.866666667,1
tick,0.789473684,1,0.842105263
ticktacktoe,0.222222222,0.888888889,0.722222222
tie,0.2,1,0.733333333
tiger,1,1,1
tile,0.807692308,0.923076923,1
timer,0.695652174,1,0.956521739
tinsel,0.5,1,1
tiramisu,0.4375,0.9375,0.875
toad,0.842105263,0.947368421,1
toast,0.5625,1,1
toaster,0.75,0.95,0.95
toaster_oven,0.333333333,0.888888889,0.888888889
toe,0.473684211,0.894736842,0.947368421
toga,0.117647059,0.882352941,0.470588235
toilet,0.352941176,1,0.764705882
toilet_paper,0.235294118,1,0.882352941
tomato,0.357142857,0.928571429,0.928571429
tomato_sauce,0.352941176,0.647058824,0.470588235
tongs,0.285714286,1,0.857142857
tongue,0.066666667,0.933333333,0.4
tool,0.416666667,0.916666667,0.916666667
toolbox,0.277777778,0.944444444,0.944444444
tooth,0.423076923,0.961538462,0.923076923
toothbrush,1,0.952380952,1
toothpaste,0.066666667,0.866666667,0.733333333
toothpick,0.736842105,0.842105263,0.842105263
top_hat,0.923076923,0.923076923,1
torch,0.05,0.75,0.3
torpedo,0.588235294,0.941176471,0.941176471
torso,0.933333333,1,0.933333333
tortellini,0.352941176,0.529411765,0.882352941
tortilla,0.315789474,0.842105263,0.947368421
tostada,0.5,0.8,0.9
totem_pole,0.555555556,0.944444444,1
toucan,0.583333333,1,0.75
touchpad,0.64,0.92,0.96
towel,0.192307692,1,0.769230769
towel_rack,0.761904762,1,1
toy,0.461538462,1,1
tractor,1,1,1
traffic_light,0.666666667,1,1
trailer,1,1,1
train,0.571428571,0.928571429,1
train_car,0.666666667,0.916666667,1
train_set,0.263157895,0.842105263,1
trampoline,0.842105263,1,0.894736842
trap,0.333333333,0.444444444,0.777777778
trapdoor,0.142857143,0.571428571,0.666666667
trashcan,0.857142857,1,1
tray,0.285714286,0.857142857,1
treadmill,0.9375,1,1
treasure,0.19047619,0.952380952,0.714285714
tree,0.933333333,1,1
tree_trunk,0.875,1,1
triangle,0.266666667,0.933333333,0.933333333
tricycle,0.928571429,1,1
trident,0.230769231,0.923076923,0.923076923
trigger,0.5,1,1
tripod,0.818181818,0.954545455,1
trolley,0.631578947,1,0.947368421
trombone,0.384615385,1,1
trophy,0.368421053,1,0.894736842
trough,0.352941176,0.647058824,0.823529412
trowel,0.285714286,0.857142857,0.5
truck,0.8,0.95,1
trumpet,0.6,1,1
trunk,0.35,1,0.85
tuba,0.588235294,0.882352941,1
tube_top,0,0.95,0.6
tugboat,0.692307692,0.923076923,0.846153846
tulip,0.615384615,0.923076923,1
tumbleweed,0.052631579,0.894736842,0.631578947
tuning_fork,0.533333333,0.8,0.866666667
tupperware,0.133333333,1,1
turban,0.133333333,0.933333333,0.8
turbine,0.684210526,0.894736842,0.947368421
turf,0.785714286,0.928571429,0.928571429
turkey,0.173913043,0.913043478,0.956521739
turnstile,0.333333333,0.733333333,0.733333333
turntable,0.117647059,0.588235294,0.764705882
turtle,0.533333333,1,0.933333333
turtleneck,0.2,1,0.466666667
tuxedo,0.45,1,0.9
tweezers,0.8,1,0.95
twig,0,1,0.625
typewriter,0.789473684,1,1
ukulele,0.333333333,1,0.777777778
umbrella,0.105263158,1,0.684210526
undershirt,0.166666667,0.888888889,0.888888889
underwear,0.24,1,0.56
unicycle,1,1,1
uniform,0.769230769,0.923076923,0.846153846
urinal,0.631578947,1,0.789473684
urn,0.7,1,1
vacuum,0.434782609,0.956521739,0.695652174
valve,0.133333333,0.466666667,0.733333333
van,0.8,0.9,1
vase,0.428571429,0.857142857,0.857142857
vegetable,0.142857143,0.857142857,0.857142857
veil,0.380952381,0.952380952,0.952380952
velcro,0.2,1,1
vending_machine,0.9375,0.9375,1
vent,0.277777778,0.944444444,0.944444444
vest,0.136363636,0.909090909,0.681818182
vial,0.5,0.8,0.8
videocassette,0.705882353,0.941176471,0.882352941
videogame,0.5,0.8125,0.75
viewfinder,0.210526316,0.842105263,0.789473684
violin,0.857142857,1,1
vise,0.1875,0.75,0.5625
visor,0.142857143,1,0.857142857
volleyball,0.125,0.9375,0.6875
vulture,0.80952381,0.904761905,0.952380952
wafer,0.142857143,0.714285714,0.857142857
waffle,0.384615385,0.961538462,0.730769231
waffle_iron,0.4375,0.8125,0.75
wagon,0.882352941,0.941176471,1
walker1,0.166666667,0.777777778,0.722222222
walker2,0.263157895,0.947368421,0.842105263
wall,0.545454545,0.772727273,0.863636364
wallet,0.357142857,1,0.857142857
wallpaper,0.428571429,0.928571429,0.928571429
walnut,0.235294118,0.764705882,0.823529412
walrus,0.277777778,1,0.666666667
wand,0.5625,0.8125,0.9375
warthog,0.666666667,1,1
washboard,0.25,0.5,0.75
washcloth,0.235294118,1,0.588235294
washing_machine,0.785714286,1,0.928571429
wasp,0.565217391,1,0.913043478
watch,0.730769231,0.961538462,1
water_bottle,0.428571429,0.952380952,0.904761905
water_cooler,0.208333333,0.916666667,0.75
water_filter,0.1,0.4,0.5
water_fountain,0.1875,0.9375,0.9375
water_heater,0.473684211,0.842105263,0.947368421
watering_can,0.35,1,1
watermelon,0,1,0.722222222
waterwheel,0.2,0.95,0.85
wax,0.117647059,0.588235294,0.647058824
wax_paper,0.1,0.45,0.4
weasel,0.166666667,0.75,0.583333333
weather_vane,0.105263158,0.947368421,0.736842105
webcam,0.25,0.916666667,0.75
wedding_cake,0.133333333,1,0.6
wedge,0.842105263,0.842105263,0.789473684
weed,0.294117647,0.941176471,0.529411765
wetsuit,0.176470588,1,0.470588235
whale,0.571428571,0.857142857,1
wheat,0.157894737,1,0.736842105
wheel,0.736842105,0.947368421,0.947368421
wheelbarrow,0.857142857,1,0.857142857
wheelchair,0.947368421,1,1
whip,0.111111111,0.944444444,0.722222222
whipped_cream,0.1,0.9,0.8
whisk,0.611111111,1,1
whistle,0.391304348,0.956521739,0.869565217
whiteboard,0.368421053,1,0.789473684
whoopee_cushion,0.777777778,0.888888889,1
wick,0.058823529,1,0.647058824
wig,0.5,1,0.875
wind_chimes,0.363636364,0.818181818,0.727272727
window,0.9,1,1
windowsill,0.222222222,0.944444444,0.944444444
windshield,0,0.9375,0.6875
windshield_wiper,0.55,1,1
windsock,0.157894737,0.894736842,0.789473684
wine,0.428571429,1,0.928571429
wine_bottle,0.944444444,1,1
wine_cooler,0.7,0.9,0.95
wineglass,1,1,0.923076923
wing,0.1,1,0.7
wire,0.333333333,0.761904762,0.952380952
wire_cutters,0.294117647,1,0.823529412
wok,0.8,0.8,0.866666667
wolf,0.727272727,1,0.954545455
woman,1,1,1
wood,0.416666667,1,1
wooden_leg,0.066666667,0.933333333,0.933333333
workbench,0.545454545,0.863636364,0.954545455
worm,0.545454545,1,0.909090909
wrap,0.176470588,0.941176471,0.882352941
wrapping_paper,0.117647059,0.882352941,0.235294118
wreath,0.777777778,1,0.944444444
wreck,0.5,0.857142857,0.714285714
wrench,0.24,0.96,0.68
wrist,0.133333333,0.733333333,0.866666667
xylophone,0.235294118,1,0.647058824
yacht,0.857142857,1,1
yak,0.375,0.875,0.8125
yarn,0.166666667,0.833333333,0.833333333
yo-yo,0.3125,1,0.875
yogurt,0.666666667,0.866666667,0.933333333
yoke,0.409090909,0.181818182,0.5
yolk,0.214285714,0.928571429,0.571428571
zebra,0.947368421,1,1
zipper,0.388888889,0.944444444,0.833333333
zucchini,0.1,0.95,0.8